{"cameraMode":{"drawMode":0,"name":"Shaded","section":"Shading Mode"},"sceneLighting":true,"audioPlay":false,"sceneViewState":{"m_AlwaysRefresh":false,"showFog":true,"showSkybox":true,"showFlares":true,"showImageEffects":true,"showParticleSystems":true,"showVisualEffectGraphs":true,"m_FxEnabled":true},"in2DMode":false,"pivot":{"x":-8.750700950622559,"y":0.5625680088996887,"z":-0.19479775428771974},"rotation":{"x":-0.0015259236097335816,"y":0.9913908243179321,"z":-0.1304282695055008,"w":-0.01159900613129139},"size":3.6886584758758547,"orthographic":false}