{"cameraMode":{"drawMode":0,"name":"Shaded","section":"Shading Mode"},"sceneLighting":true,"audioPlay":false,"sceneViewState":{"m_AlwaysRefresh":false,"showFog":true,"showSkybox":true,"showFlares":true,"showImageEffects":true,"showParticleSystems":true,"showVisualEffectGraphs":true,"m_FxEnabled":true},"in2DMode":false,"pivot":{"x":0.2202180176973343,"y":1.2988415956497193,"z":-1.0379769802093506},"rotation":{"x":0.002794586820527911,"y":0.9881059527397156,"z":-0.1526842713356018,"w":0.018085243180394174},"size":2.5631861686706545,"orthographic":false}