{"cameraMode":{"drawMode":0,"name":"Shaded","section":"Shading Mode"},"sceneLighting":true,"audioPlay":false,"sceneViewState":{"m_AlwaysRefresh":false,"showFog":true,"showSkybox":true,"showFlares":true,"showImageEffects":true,"showParticleSystems":true,"showVisualEffectGraphs":true,"m_FxEnabled":true},"in2DMode":false,"pivot":{"x":-7.90854549407959,"y":2.1703412532806398,"z":3.561281442642212},"rotation":{"x":-0.006174992769956589,"y":0.9854373335838318,"z":-0.16592228412628175,"w":-0.03667428344488144},"size":1.2266123294830323,"orthographic":false}