{"cameraMode":{"drawMode":0,"name":"Shaded","section":"Shading Mode"},"sceneLighting":true,"audioPlay":false,"sceneViewState":{"m_AlwaysRefresh":false,"showFog":true,"showSkybox":true,"showFlares":true,"showImageEffects":true,"showParticleSystems":true,"showVisualEffectGraphs":true,"m_FxEnabled":true},"in2DMode":false,"pivot":{"x":0.2655443251132965,"y":1.7208149433135987,"z":-0.9492981433868408},"rotation":{"x":-0.0015997880836948753,"y":0.9972785115242004,"z":-0.022751491516828538,"w":-0.0701233297586441},"size":1.4776585102081299,"orthographic":false}