{"cameraMode":{"drawMode":0,"name":"Shaded","section":"Shading Mode"},"sceneLighting":true,"audioPlay":false,"sceneViewState":{"m_AlwaysRefresh":false,"showFog":true,"showSkybox":true,"showFlares":true,"showImageEffects":true,"showParticleSystems":true,"showVisualEffectGraphs":true,"m_FxEnabled":true},"in2DMode":false,"pivot":{"x":-11.447610855102539,"y":-0.0853804349899292,"z":17.109086990356447},"rotation":{"x":-0.09759960323572159,"y":0.5912548899650574,"z":-0.07237881422042847,"w":-0.7972791194915772},"size":4.1356401443481449,"orthographic":false}