{"cameraMode":{"drawMode":0,"name":"Shaded","section":"Shading Mode"},"sceneLighting":true,"audioPlay":false,"sceneViewState":{"m_AlwaysRefresh":false,"showFog":true,"showSkybox":true,"showFlares":true,"showImageEffects":true,"showParticleSystems":true,"showVisualEffectGraphs":true,"m_FxEnabled":true},"in2DMode":false,"pivot":{"x":-4.691769123077393,"y":1.6841959953308106,"z":14.77202320098877},"rotation":{"x":0.0009925634367391468,"y":0.9937965273857117,"z":-0.11107727885246277,"w":0.008929235860705376},"size":1.127880573272705,"orthographic":false}