{"cameraMode":{"drawMode":0,"name":"Shaded","section":"Shading Mode"},"sceneLighting":true,"audioPlay":false,"sceneViewState":{"m_AlwaysRefresh":false,"showFog":true,"showSkybox":true,"showFlares":true,"showImageEffects":true,"showParticleSystems":true,"showVisualEffectGraphs":true,"m_FxEnabled":true},"in2DMode":false,"pivot":{"x":0.575396716594696,"y":4.005934715270996,"z":5.385890007019043},"rotation":{"x":0.01025510486215353,"y":-0.977047324180603,"z":0.20731395483016969,"w":0.04837872087955475},"size":0.0006283093243837357,"orthographic":false}