{"cameraMode":{"drawMode":0,"name":"Shaded","section":"Shading Mode"},"sceneLighting":true,"audioPlay":false,"sceneViewState":{"m_AlwaysRefresh":false,"showFog":true,"showSkybox":true,"showFlares":true,"showImageEffects":true,"showParticleSystems":true,"showVisualEffectGraphs":true,"m_FxEnabled":true},"in2DMode":false,"pivot":{"x":-7.323366641998291,"y":3.4024198055267336,"z":6.628002643585205},"rotation":{"x":-0.17449508607387544,"y":-0.14359335601329804,"z":0.025730691850185396,"w":-0.9737922549247742},"size":0.010471289046108723,"orthographic":false}