{"cameraMode":{"drawMode":0,"name":"Shaded","section":"Shading Mode"},"sceneLighting":true,"audioPlay":false,"sceneViewState":{"m_AlwaysRefresh":false,"showFog":true,"showSkybox":true,"showFlares":true,"showImageEffects":true,"showParticleSystems":true,"showVisualEffectGraphs":true,"m_FxEnabled":true},"in2DMode":false,"pivot":{"x":-0.0806255042552948,"y":1.2993608713150025,"z":-0.446392297744751},"rotation":{"x":-0.008702711202204228,"y":0.9771157503128052,"z":-0.2085811346769333,"w":-0.04076855257153511},"size":2.2914366722106935,"orthographic":false}