{"cameraMode":{"drawMode":0,"name":"Shaded","section":"Shading Mode"},"sceneLighting":true,"audioPlay":false,"sceneViewState":{"m_AlwaysRefresh":false,"showFog":true,"showSkybox":true,"showFlares":true,"showImageEffects":true,"showParticleSystems":true,"showVisualEffectGraphs":true,"m_FxEnabled":true},"in2DMode":false,"pivot":{"x":-4.0748443603515629,"y":-0.17825162410736085,"z":6.569159507751465},"rotation":{"x":0.0014589878264814616,"y":0.9966506958007813,"z":-0.07971159368753433,"w":0.018241768702864648},"size":5.429523944854736,"orthographic":false}