{"cameraMode":{"drawMode":0,"name":"Shaded","section":"Shading Mode"},"sceneLighting":true,"audioPlay":false,"sceneViewState":{"m_AlwaysRefresh":false,"showFog":true,"showSkybox":true,"showFlares":true,"showImageEffects":true,"showParticleSystems":true,"showVisualEffectGraphs":true,"m_FxEnabled":true},"in2DMode":false,"pivot":{"x":-8.614373207092286,"y":2.638367176055908,"z":1.9136886596679688},"rotation":{"x":0.0022944703232496979,"y":0.9946637749671936,"z":-0.1006128117442131,"w":0.02268318086862564},"size":6.230178356170654,"orthographic":false}