{"cameraMode":{"drawMode":0,"name":"Shaded","section":"Shading Mode"},"sceneLighting":false,"audioPlay":false,"sceneViewState":{"m_AlwaysRefresh":false,"showFog":false,"showSkybox":false,"showFlares":false,"showImageEffects":false,"showParticleSystems":false,"showVisualEffectGraphs":true,"m_FxEnabled":true},"in2DMode":false,"pivot":{"x":-0.30704930424690249,"y":1.211367130279541,"z":-0.44799232482910159},"rotation":{"x":-0.008710580877959729,"y":0.990861177444458,"z":-0.10924416035413742,"w":-0.0789550170302391},"size":0.9376052618026733,"orthographic":false}