{"cameraMode":{"drawMode":0,"name":"Shaded","section":"Shading Mode"},"sceneLighting":true,"audioPlay":false,"sceneViewState":{"m_AlwaysRefresh":false,"showFog":true,"showSkybox":true,"showFlares":true,"showImageEffects":true,"showParticleSystems":true,"showVisualEffectGraphs":true,"m_FxEnabled":true},"in2DMode":false,"pivot":{"x":-1.6428797245025635,"y":0.29466819763183596,"z":1.160874605178833},"rotation":{"x":-0.20956306159496308,"y":0.35335054993629458,"z":-0.08154645562171936,"w":-0.9080621004104614},"size":1.7383135557174683,"orthographic":false}