{"cameraMode":{"drawMode":0,"name":"Shaded","section":"Shading Mode"},"sceneLighting":true,"audioPlay":false,"sceneViewState":{"m_AlwaysRefresh":false,"showFog":true,"showSkybox":true,"showFlares":true,"showImageEffects":true,"showParticleSystems":true,"showVisualEffectGraphs":true,"m_FxEnabled":true},"in2DMode":false,"pivot":{"x":-5.910214424133301,"y":4.200809478759766,"z":4.85401725769043},"rotation":{"x":0.010093005374073983,"y":0.9564236402511597,"z":-0.28990381956100466,"w":0.033297888934612277},"size":2.8846359252929689,"orthographic":false}