{"cameraMode":{"drawMode":0,"name":"Shaded","section":"Shading Mode"},"sceneLighting":true,"audioPlay":false,"sceneViewState":{"m_AlwaysRefresh":false,"showFog":true,"showSkybox":true,"showFlares":true,"showImageEffects":true,"showParticleSystems":true,"showVisualEffectGraphs":true,"m_FxEnabled":true},"in2DMode":false,"pivot":{"x":0.07302774488925934,"y":1.0640920400619507,"z":-0.9887881278991699},"rotation":{"x":0.0029942309483885767,"y":0.9883052110671997,"z":-0.1511974185705185,"w":0.019572023302316667},"size":1.8715366125106812,"orthographic":false}