{"cameraMode":{"drawMode":0,"name":"Shaded","section":"Shading Mode"},"sceneLighting":true,"audioPlay":false,"sceneViewState":{"m_AlwaysRefresh":false,"showFog":true,"showSkybox":true,"showFlares":true,"showImageEffects":true,"showParticleSystems":true,"showVisualEffectGraphs":true,"m_FxEnabled":true},"in2DMode":false,"pivot":{"x":-2.0537545680999758,"y":-0.2619715929031372,"z":5.47813081741333},"rotation":{"x":-0.14390063285827638,"y":0.13668829202651978,"z":-0.020072821527719499,"w":-0.9799038767814636},"size":5.0088958740234379,"orthographic":false}