{"cameraMode":{"drawMode":0,"name":"Shaded","section":"Shading Mode"},"sceneLighting":true,"audioPlay":false,"sceneViewState":{"m_AlwaysRefresh":false,"showFog":true,"showSkybox":true,"showFlares":true,"showImageEffects":true,"showParticleSystems":true,"showVisualEffectGraphs":true,"m_FxEnabled":true},"in2DMode":false,"pivot":{"x":-7.965385913848877,"y":0.17145371437072755,"z":-1.565347671508789},"rotation":{"x":0.00826885737478733,"y":0.9874099493026733,"z":-0.14803044497966767,"w":0.055155642330646518},"size":4.310497760772705,"orthographic":false}