{"cameraMode":{"drawMode":0,"name":"Shaded","section":"Shading Mode"},"sceneLighting":true,"audioPlay":false,"sceneViewState":{"m_AlwaysRefresh":false,"showFog":true,"showSkybox":true,"showFlares":true,"showImageEffects":true,"showParticleSystems":true,"showVisualEffectGraphs":true,"m_FxEnabled":true},"in2DMode":false,"pivot":{"x":-4.520036697387695,"y":1.334010362625122,"z":15.754698753356934},"rotation":{"x":0.13286083936691285,"y":0.3961193561553955,"z":-0.058045610785484317,"w":0.9066802859306336},"size":1.5567245483398438,"orthographic":false}